{
    "correctness": {
        "target": 2.5895351458749505,
        "wrong": -0.6196422486895021
    },
    "paraphrase": {
        "target": 1.7705346556871198,
        "wrong": -0.18867172641940813
    },
    "generalize": {
        "target": 0.28323233938098225
    }
}