{
    "correctness": {
        "target": 0.11326749608701184,
        "wrong": 0.024263432218076343
    },
    "paraphrase": {
        "target": 0.0627737380987595,
        "wrong": 0.07906827271843668
    },
    "generalize": {
        "target": 0.16750044292716124
    },
    "irrelevant": {
        "target": 0.08219026886491894,
        "wrong": 0.01754702734666224
    }
}