{
    "correctness": {
        "target": 0.03155492047965527,
        "wrong": 0.06379108125042349
    },
    "paraphrase": {
        "target": 0.022657626018105517,
        "wrong": 0.09745533995689425
    },
    "generalize": {
        "target": 0.13053009793063794
    },
    "irrelevant": {
        "target": 0.0776425423626624,
        "wrong": 0.009626041681936521
    }
}