{
    "irrelevant": {
        "target": 0.05857261191956415,
        "wrong": 0.8228704930282634
    }
}