{
    "correctness": {
        "target": 17.03250103244462,
        "wrong": 0.035711107119885635
    },
    "paraphrase": {
        "target": 7.987496830663007,
        "wrong": 0.31295098907607616
    },
    "generalize": {
        "target": 1.2746995801574263
    }
}