{
    "correctness": {
        "target": 9.828201149241577,
        "wrong": 0.08178189711551581
    },
    "paraphrase": {
        "target": 7.769418372478306,
        "wrong": 0.3489136344524239
    },
    "generalize": {
        "target": 1.2912895710267627
    },
    "irrelevant": {
        "target": 0.024981039254229565,
        "wrong": 2.726297458181128
    }
}