{
    "correctness": {
        "target": 43.33463583119182,
        "wrong": -0.40324588476785933
    },
    "paraphrase": {
        "target": 23.705755761772632,
        "wrong": -0.10093097990351228
    },
    "generalize": {
        "target": 3.6075613838851335
    }
}