{
    "correctness": {
        "target": 0.07186374374230703,
        "wrong": 0.07120299351215362
    },
    "paraphrase": {
        "target": 0.07013108253092677,
        "wrong": 0.13470984804023195
    },
    "generalize": {
        "target": 0.1290145733368163
    },
    "irrelevant": {
        "target": 0.1750748885768273,
        "wrong": 0.021811549618509084
    }
}