{
    "correctness": {
        "target": 0.9266666666666666,
        "wrong": 0.14666666666666667
    },
    "paraphrase": {
        "target": 0.9266666666666669,
        "wrong": 0.26722222222222225
    },
    "generalize": {
        "target": 0.9318627450980393
    },
    "irrelevant": {
        "target": 0.47411111111111137,
        "wrong": 0.8572222222222221
    }
}