{
    "correctness": {
        "target": 0.17530848279926511,
        "wrong": 0.012559647601748271
    },
    "paraphrase": {
        "target": 0.1690738270486946,
        "wrong": 0.07295158665820403
    },
    "generalize": {
        "target": 0.197858147618233
    },
    "irrelevant": {
        "target": 0.14679887960666704,
        "wrong": 0.04875042242474025
    }
}