{
    "correctness": {
        "target": 277.59188084815617,
        "wrong": -0.40991668991569097
    },
    "paraphrase": {
        "target": 35.02941805194985,
        "wrong": -0.07519670508672786
    },
    "generalize": {
        "target": 3.211598989913637
    },
    "irrelevant": {
        "target": 0.019879589798861022,
        "wrong": 6.329608117877822
    }
}