{
    "correctness": {
        "target": 1.4554874551615453,
        "wrong": 0.21316621414136044
    },
    "paraphrase": {
        "target": 0.298612031401247,
        "wrong": 0.801399983056293
    },
    "generalize": {
        "target": 0.3688939577449057
    },
    "irrelevant": {
        "target": 0.3850839011137449,
        "wrong": 0.5057724094538453
    }
}