{
    "correctness": {
        "target": 0.8952152471694335,
        "wrong": 0.4089657766109316
    },
    "paraphrase": {
        "target": 0.3879409476327478,
        "wrong": 0.0276603969478309
    },
    "generalize": {
        "target": 0.13651460249757993
    },
    "irrelevant": {
        "target": 0.16108950834566665,
        "wrong": 0.094321742458949
    }
}