{
    "irrelevant": {
        "target": 0.0002603612327105509,
        "wrong": 0.8656479227579128
    }
}