{
    "irrelevant": {
        "target": 0.172594433374289,
        "wrong": 0.0029875334767122106
    }
}