{
    "irrelevant": {
        "target": 0.17042120651592102,
        "wrong": 0.0065454479039267245
    }
}