{
    "correctness": {
        "target": 1.0474862782857068,
        "wrong": -0.08912789800808689
    },
    "paraphrase": {
        "target": 0.6199974948098188,
        "wrong": -0.10535439915922154
    },
    "generalize": {
        "target": 0.07176894153224145
    },
    "irrelevant": {
        "target": 0.008373941569843975,
        "wrong": 0.3595521463684385
    }
}