{
    "correctness": {
        "target": 0.8072628710489863,
        "wrong": -0.14676226147793187
    },
    "paraphrase": {
        "target": 0.5600582979066372,
        "wrong": -0.07845911581593068
    },
    "generalize": {
        "target": 0.06596395438752871
    },
    "irrelevant": {
        "target": 0.01996445901897225,
        "wrong": 0.12703955906075878
    }
}