{
    "correctness": {
        "target": 1.3113478738896007,
        "wrong": -0.9844305526396465
    },
    "paraphrase": {
        "target": 27.668316255393247,
        "wrong": 1.7939155823815949
    },
    "generalize": {
        "target": 17.08035350480753
    },
    "irrelevant": {
        "target": 0.6293722330287441,
        "wrong": 27.99464021553302
    }
}