{
    "correctness": {
        "target": -0.4957362093465815,
        "wrong": -0.9867596101329003
    },
    "paraphrase": {
        "target": 43.03576328678299,
        "wrong": 0.05442033486388403
    },
    "generalize": {
        "target": 1.2474269340283375
    },
    "irrelevant": {
        "target": 0.07891461729965465,
        "wrong": 5.371546105622672
    }
}