{
    "correctness": {
        "target": 0.04,
        "wrong": 0.0
    },
    "paraphrase": {
        "target": 0.7461111111111112,
        "wrong": 0.34111111111111114
    },
    "generalize": {
        "target": 0.33970588235294125
    },
    "irrelevant": {
        "target": 0.443111111111111,
        "wrong": 0.5709444444444447
    }
}