{
    "correctness": {
        "target": 0.9544179606367013,
        "wrong": -0.05981870377639806
    },
    "paraphrase": {
        "target": 0.6606866041335414,
        "wrong": 0.042053923120170096
    },
    "generalize": {
        "target": 0.08826025526355989
    },
    "irrelevant": {
        "target": 0.001506553644657532,
        "wrong": 0.4945326690508412
    }
}