{
    "irrelevant": {
        "target": 0.012402642406786703,
        "wrong": 1.24467472582101
    }
}