{
    "correctness": {
        "target": 2.5141098812511067,
        "wrong": 0.23367250498427128
    },
    "paraphrase": {
        "target": 0.21261346545357132,
        "wrong": 0.12163718628207701
    },
    "generalize": {
        "target": 0.45312992153193515
    },
    "irrelevant": {
        "target": 0.7556730504373678,
        "wrong": 0.18976730845535023
    }
}