{
    "correctness": {
        "target": 0.058633507795793634,
        "wrong": 0.2340860065393962
    },
    "paraphrase": {
        "target": 0.05078100449321344,
        "wrong": 0.14722753708888456
    },
    "generalize": {
        "target": 0.08341225158733956
    },
    "irrelevant": {
        "target": 0.12467863271658759,
        "wrong": 0.24483774148289447
    }
}