{
    "correctness": {
        "target": 15.015735132919241,
        "wrong": 0.2562562363027483
    },
    "paraphrase": {
        "target": 7.544842709556973,
        "wrong": 0.4050070158813433
    },
    "generalize": {
        "target": 2.5822606032056274
    },
    "irrelevant": {
        "target": 0.2770552021841864,
        "wrong": 9.901281993106954
    }
}