{
    "correctness": {
        "target": 0.01019702514336593,
        "wrong": 0.04804499556867725
    },
    "paraphrase": {
        "target": 0.01818955238179669,
        "wrong": 0.14121676306963335
    },
    "generalize": {
        "target": 0.12112455814869869
    }
}